state,cand,vote10,vote,vote90,xValue,yValue,width,voteLable,yText
US,Trump,41.199999999999996,45.8,50.4,447.2,50,55.20000000000002,474.79999999999995,90
US,Democrats,45.6,50.2,54.800000000000004,473.6,125,55.20000000000002,501.20000000000005,165
US,3rd Party,0.7,4.0,7.3,204.2,200,39.599999999999994,224.0,240
USev,Trump,143.5,238.3,333.1,360.03717472118956,50,211.44981412639407,465.7620817843866,90
USev,Democrats,204.89999999999998,299.7,394.5,428.5130111524163,125,211.44981412639407,534.2379182156134,165
USev,3rd Party,0.0,0.0,0.0,200.0,200,0.0,200.0,240
