state,cand,vote10,vote,vote90,xValue,yValue,width,voteLable,yText
US,Trump,36.5,45.8,55.099999999999994,419.0,50,111.59999999999997,474.79999999999995,90
US,Democrats,40.8,50.1,59.400000000000006,444.79999999999995,125,111.60000000000005,500.6,165
US,3rd Party,0.7,4.0,7.3,204.2,200,39.599999999999994,224.0,240
USev,Trump,124.69999999999999,239.1,353.5,339.07063197026025,50,255.16728624535318,466.6542750929368,90
USev,Democrats,184.49999999999997,298.9,413.29999999999995,405.7620817843866,125,255.16728624535315,533.3457249070632,165
USev,3rd Party,0.0,0.0,0.0,200.0,200,0.0,200.0,240
