Index,Score,electioneffect
Employment,0.7916089527029311,0.5387174009031201
Stocks,0.6616936836405538,0.5214917429311685
Consumer Index,0.6297058693625174,0.517243012901617
GDP,0.5738507912382249,0.5098197425623545
Yield Curve,0.26797085473731763,0.46917532288043473
Industrial Production,0.5218356136284106,0.5029036908600781
Inflation,0.8684749328144108,0.548877152627111
Income,0.6499300292475749,0.5199295126927985
average,0.6206338409214927,0.5160376577399105
